{
  "efficientnet_inference_ms": 36.82827949523926,
  "yolov8_inference_ms": 36.61703586578369,
  "efficientnet_gpu_mb": -84.2744140625,
  "yolov8_gpu_mb": 170.05517578125
}