{
  "efficientnet_inference_ms": 8.46919059753418,
  "yolov8_inference_ms": 11.02656364440918,
  "efficientnet_gpu_mb": -83.4423828125,
  "yolov8_gpu_mb": 160.22021484375
}