{"train_losses": [1.1075944914648184, 0.8643012935465032, 0.7883194189769006, 0.7552386615351726, 0.7313616309712527, 0.7171326201188234, 0.7144761394370686, 0.7076639229601079, 0.7056437984050027, 0.7093458208170804], "val_losses": [0.8705807860250826, 0.7376735576876887, 0.6869528468008395, 0.6617720311438596, 0.6413374812514694, 0.630357289424649, 0.6167317123324783, 0.6210580279429754, 0.614119592860893, 0.6127680749804886], "train_accs": [63.09988632432165, 72.16181485691692, 74.23763159195374, 75.03089012998566, 75.75248356645085, 75.90569861117976, 76.2739089606089, 76.28379380220431, 76.42712400533782, 76.36781495576534], "val_accs": [74.54418766693763, 78.06294274764835, 79.6423179653931, 79.56102659389154, 80.40877946812216, 80.81523632563001, 80.73394495412845, 80.91975380327489, 80.87330159098828, 80.94297990941818], "best_val_acc": 80.94297990941818, "epochs": 10}