{
    "train_losses": [
        1.1236990191796912,
        0.8678939746622043,
        0.793954364884692,
        0.7643012860672006,
        0.7358456955680365,
        0.7236391308988575,
        0.7128700545835721,
        0.7093107407276011,
        0.7046981234150597,
        0.696621189035381,
        0.6990559539651569,
        0.6918681372853019
    ],
    "val_losses": [
        0.8652343449892698,
        0.7371656930113172,
        0.6853539270537716,
        0.6471027558916932,
        0.6274573715416701,
        0.6296452242177684,
        0.6198655665962847,
        0.5968564639349917,
        0.6008808143384807,
        0.5999853021198219,
        0.5939783817092021,
        0.5945339939081585
    ],
    "train_accs": [
        62.264150943396224,
        72.02205791438958,
        73.89401320507432,
        74.6655456366379,
        75.57555824822572,
        75.8920843739954,
        76.1146418061772,
        76.39160216622567,
        76.48557085981355,
        76.83424417023171,
        76.55728381018324,
        76.9974529538317
    ],
    "val_accs": [
        75.11223037337129,
        78.36417387495894,
        79.37150990912077,
        80.02846819226978,
        80.3788459432826,
        80.32409941968685,
        80.87156465564436,
        81.15624657834228,
        81.01390561699333,
        80.97010839811672,
        81.15624657834228,
        81.06865214058907
    ],
    "best_val_acc": 81.15624657834228,
    "epochs": 12
}