{
  "yolo_map50": 0.7688564655086435,
  "yolo_map50_95": 0.45363509044736217,
  "yolo_precision": 0.7316869068183075,
  "yolo_recall": 0.718401593209343,
  "yolo_per_class_ap50": {
    "bus": 0.9072421227258806,
    "car": 0.7713324372915472,
    "microbus": 0.7179682809005244,
    "motorbike": 0.6669810705959704,
    "pickup-van": 0.7041902472195539,
    "truck": 0.8454246343183839
  },
  "yolo_inference_ms": 11.02656364440918,
  "effnet_accuracy": 80.5,
  "effnet_inference_ms": 8.46919059753418,
  "training_time_mins": 35.2
}