{
  "SGD_drop0.3_StepLR": {
    "train_accs": [
      73.83219169613491
    ],
    "val_accs": [
      81.82415416621045
    ],
    "train_losses": [
      0.7677796595741676
    ],
    "val_losses": [
      0.5507085142018912
    ],
    "best_val_acc": 81.82415416621045,
    "overfit_gap": -7.991962470075535,
    "time_mins": 3.2833844383557635
  },
  "Adam_drop0.3_CosineAnnealing": {
    "train_accs": [
      73.24859665174708
    ],
    "val_accs": [
      81.36428336800613
    ],
    "train_losses": [
      0.8015121947973967
    ],
    "val_losses": [
      0.5721220178725003
    ],
    "best_val_acc": 81.36428336800613,
    "overfit_gap": -8.115686716259049,
    "time_mins": 3.1906281153361005
  },
  "AdamW_drop0.5_CosineAnnealing": {
    "train_accs": [
      71.06011523529266
    ],
    "val_accs": [
      80.54308551406986
    ],
    "train_losses": [
      0.8489738987829489
    ],
    "val_losses": [
      0.6096186156977307
    ],
    "best_val_acc": 80.54308551406986,
    "overfit_gap": -9.482970278777202,
    "time_mins": 3.141438031196594
  }
}