{
  "SGD_drop0.3_StepLR": {
    "train_accs": [
      73.99298176246725
    ],
    "val_accs": [
      81.918476367437
    ],
    "train_losses": [
      0.7599220788879357
    ],
    "val_losses": [
      0.5554963475576153
    ],
    "best_val_acc": 81.918476367437,
    "overfit_gap": -7.925494604969742,
    "time_mins": 3.2435978253682456
  },
  "Adam_drop0.3_CosineAnnealing": {
    "train_accs": [
      73.46661394751149
    ],
    "val_accs": [
      80.72233190105679
    ],
    "train_losses": [
      0.7925323485621351
    ],
    "val_losses": [
      0.5921182857619391
    ],
    "best_val_acc": 80.72233190105679,
    "overfit_gap": -7.2557179535453,
    "time_mins": 3.163918932278951
  },
  "AdamW_drop0.5_CosineAnnealing": {
    "train_accs": [
      70.97810507586615
    ],
    "val_accs": [
      80.72233190105679
    ],
    "train_losses": [
      0.8466222706519568
    ],
    "val_losses": [
      0.6102727158202066
    ],
    "best_val_acc": 80.72233190105679,
    "overfit_gap": -9.744226825190637,
    "time_mins": 3.207757882277171
  }
}